"1","Abim","UG.AI","12","2014-07-14 11:02:44","samuel@trailanalytics.com"
"2","Adjumani","UG.AD","14","2014-07-14 11:02:44","samuel@trailanalytics.com"
"3","Amolatar","UG.AT","10","2014-07-14 11:02:44","samuel@trailanalytics.com"
"4","Amuria","UG.AM","12","2014-07-14 11:02:44","samuel@trailanalytics.com"
"5","Amuru","UG.KQ","10","2014-07-14 11:02:44","samuel@trailanalytics.com"
"6","Apac","UG.AC","10","2014-07-14 11:02:44","samuel@trailanalytics.com"
"7","Arua","UG.AW","14","2014-07-14 11:02:44","samuel@trailanalytics.com"
"8","Budaka","UG.BD","9","2014-07-14 11:02:44","samuel@trailanalytics.com"
"9","Bududa",,"9","2014-07-14 11:02:44","samuel@trailanalytics.com"
"10","Bugiri","UG.BG","7","2014-07-14 11:02:44","samuel@trailanalytics.com"
"11","Buikwe",,"6","2014-07-14 11:02:44","samuel@trailanalytics.com"
"12","Bukedea",,"12","2014-07-14 11:02:44","samuel@trailanalytics.com"
"13","Bukwo","UG.BW","9","2014-07-14 11:02:44","samuel@trailanalytics.com"
"14","Buliisa","UG.BL","11","2014-07-14 11:02:44","samuel@trailanalytics.com"
"15","Bundibugyo","UG.BN","11","2014-07-14 11:02:44","samuel@trailanalytics.com"
"16","Bushenyi","UG.BS","13","2014-07-14 11:02:44","samuel@trailanalytics.com"
"17","Busia","UG.BU","9","2014-07-14 11:02:44","samuel@trailanalytics.com"
"18","Butaleja","UG.BJ","9","2014-07-14 11:02:44","samuel@trailanalytics.com"
"19","Buvuma",,"6","2014-07-14 11:02:44","samuel@trailanalytics.com"
"20","Buyende",,"7","2014-07-14 11:02:44","samuel@trailanalytics.com"
"22","Dokolo","UG.DO","10","2014-07-14 11:02:44","samuel@trailanalytics.com"
"23","Gulu","UG.GL","10","2014-07-14 11:02:44","samuel@trailanalytics.com"
"24","Hoima","UG.HO","11","2014-07-14 11:02:44","samuel@trailanalytics.com"
"25","Ibanda","UG.IB","13","2014-07-14 11:02:44","samuel@trailanalytics.com"
"26","Iganga","UG.IN","7","2014-07-14 11:02:44","samuel@trailanalytics.com"
"27","Isingiro","UG.IS","13","2014-07-14 11:02:44","samuel@trailanalytics.com"
"28","Jinja","UG.JI","7","2014-07-14 11:02:44","samuel@trailanalytics.com"
"29","Kaabong","UG.AB","12","2014-07-14 11:02:44","samuel@trailanalytics.com"
"30","Kabale","UG.KA","13","2014-07-14 11:02:44","samuel@trailanalytics.com"
"31","Kabarole","UG.BR","11","2014-07-14 11:02:44","samuel@trailanalytics.com"
"32","Kaberamaido","UG.KD","12","2014-07-14 11:02:44","samuel@trailanalytics.com"
"33","Kalangala","UG.KN","5","2014-07-14 11:02:44","samuel@trailanalytics.com"
"34","Kaliro","UG.RO","7","2014-07-14 11:02:44","samuel@trailanalytics.com"
"35","Kampala","UG.KM","8","2014-07-14 11:02:44","samuel@trailanalytics.com"
"36","Kamuli","UG.KX","7","2014-07-14 11:02:44","samuel@trailanalytics.com"
"37","Kamwenge","UG.KE","11","2014-07-14 11:02:44","samuel@trailanalytics.com"
"38","Kanungu","UG.UU","13","2014-07-14 11:02:44","samuel@trailanalytics.com"
"39","Kapchorwa","UG.KP","9","2014-07-14 11:02:44","samuel@trailanalytics.com"
"40","Kasese","UG.KS","11","2014-07-14 11:02:44","samuel@trailanalytics.com"
"41","Katakwi","UG.KK","12","2014-07-14 11:02:44","samuel@trailanalytics.com"
"42","Kayunga","UG.KY","6","2014-07-14 11:02:44","samuel@trailanalytics.com"
"43","Kibaale","UG.KI","11","2014-07-14 11:02:44","samuel@trailanalytics.com"
"44","Kiboga","UG.KG","6","2014-07-14 11:02:44","samuel@trailanalytics.com"
"45","Kiruhura","UG.KH","13","2014-07-14 11:02:44","samuel@trailanalytics.com"
"46","Kisoro","UG.KR","13","2014-07-14 11:02:44","samuel@trailanalytics.com"
"47","Kitgum","UG.TG","10","2014-07-14 11:02:44","samuel@trailanalytics.com"
"48","Koboko","UG.OK","14","2014-07-14 11:02:44","samuel@trailanalytics.com"
"49","Kotido","UG.KF","12","2014-07-14 11:02:44","samuel@trailanalytics.com"
"50","Kumi","UG.KU","12","2014-07-14 11:02:44","samuel@trailanalytics.com"
"51","Kyegegwa",,"11","2014-07-14 11:02:44","samuel@trailanalytics.com"
"52","Kyenjojo","UG.KJ","11","2014-07-14 11:02:44","samuel@trailanalytics.com"
"53","Lamwo",,"10","2014-07-14 11:02:44","samuel@trailanalytics.com"
"54","Lira","UG.LI","10","2014-07-14 11:02:44","samuel@trailanalytics.com"
"56","Lyantonde",,"5","2014-07-14 11:02:44","samuel@trailanalytics.com"
"57","Manafwa","UG.MF","9","2014-07-14 11:02:44","samuel@trailanalytics.com"
"58","Maracha-Terego","UG.MH","14","2014-07-14 11:02:44","samuel@trailanalytics.com"
"59","Masaka","UG.MA","5","2014-07-14 11:02:44","samuel@trailanalytics.com"
"60","Masindi","UG.MC","11","2014-07-14 11:02:44","samuel@trailanalytics.com"
"61","Mayuge","UG.MG","7","2014-07-14 11:02:44","samuel@trailanalytics.com"
"62","Mbale","UG.ME","9","2014-07-14 11:02:44","samuel@trailanalytics.com"
"63","Mbarara","UG.RR","13","2014-07-14 11:02:44","samuel@trailanalytics.com"
"64","Mityana","UG.TY","6","2014-07-14 11:02:44","samuel@trailanalytics.com"
"65","Moroto","UG.MT","12","2014-07-14 11:02:44","samuel@trailanalytics.com"
"66","Moyo","UG.MY","14","2014-07-14 11:02:44","samuel@trailanalytics.com"
"67","Mpigi","UG.MI","5","2014-07-14 11:02:44","samuel@trailanalytics.com"
"68","Mubende","UG.MD","6","2014-07-14 11:02:44","samuel@trailanalytics.com"
"69","Mukono","UG.MN","6","2014-07-14 11:02:44","samuel@trailanalytics.com"
"70","Nakapiripirit","UG.NP","12","2014-07-14 11:02:44","samuel@trailanalytics.com"
"71","Nakaseke","UG.NK","6","2014-07-14 11:02:44","samuel@trailanalytics.com"
"72","Nakasongola","UG.NA","6","2014-07-14 11:02:44","samuel@trailanalytics.com"
"73","Namutumba","UG.NM","7","2014-07-14 11:02:44","samuel@trailanalytics.com"
"74","Nebbi","UG.NE","14","2014-07-14 11:02:44","samuel@trailanalytics.com"
"75","Ntungamo","UG.NT","13","2014-07-14 11:02:44","samuel@trailanalytics.com"
"77","Oyam","UG.OY","10","2014-07-14 11:02:44","samuel@trailanalytics.com"
"78","Pader","UG.PD","10","2014-07-14 11:02:44","samuel@trailanalytics.com"
"79","Pallisa","UG.PL","9","2014-07-14 11:02:44","samuel@trailanalytics.com"
"80","Rakai","UG.RA","5","2014-07-14 11:02:44","samuel@trailanalytics.com"
"81","Rukungiri","UG.RK","13","2014-07-14 11:02:44","samuel@trailanalytics.com"
"82","Ssembabule","UG.SE","5","2014-07-14 11:02:44","samuel@trailanalytics.com"
"83","Sironko","UG.SI","9","2014-07-14 11:02:44","samuel@trailanalytics.com"
"84","Soroti","UG.SR","12","2014-07-14 11:02:44","samuel@trailanalytics.com"
"85","Tororo","UG.TR","9","2014-07-14 11:02:44","samuel@trailanalytics.com"
"86","Wakiso","UG.WA","5","2014-07-14 11:02:44","samuel@trailanalytics.com"
"87","Yumbe","UG.YU","14","2014-07-14 11:02:44","samuel@trailanalytics.com"
"88","Butambala",,"5","2014-07-14 11:02:44","samuel@trailanalytics.com"
"89","Gomba",,"5","2014-07-14 11:02:44","samuel@trailanalytics.com"
"90","Kalungu",,"5","2014-07-14 11:02:44","samuel@trailanalytics.com"
"91","Kyankwanzi",,"6","2014-07-14 11:02:44","samuel@trailanalytics.com"
"92","Lwengo",,"5","2014-07-14 11:02:44","samuel@trailanalytics.com"
"93","Bukomansimbi",,"5","2014-07-14 11:02:44","samuel@trailanalytics.com"
"94","Bulambuli",,"9","2014-07-14 11:02:44","samuel@trailanalytics.com"
"95","Kibuku",,"9","2014-07-14 11:02:44","samuel@trailanalytics.com"
"96","Kween",,"9","2014-07-14 11:02:44","samuel@trailanalytics.com"
"97","Luuka",,"7","2014-07-14 11:02:44","samuel@trailanalytics.com"
"98","Namayingo",,"7","2014-07-14 11:02:44","samuel@trailanalytics.com"
"99","Ngora",,"12","2014-07-14 11:02:44","samuel@trailanalytics.com"
"100","Serere",,"12","2014-07-14 11:02:44","samuel@trailanalytics.com"
"101","Agago",,"10","2014-07-14 11:02:44","samuel@trailanalytics.com"
"102","Alebtong",,"10","2014-07-14 11:02:44","samuel@trailanalytics.com"
"103","Amudat",,"12","2014-07-14 11:02:44","samuel@trailanalytics.com"
"104","Kole",,"10","2014-07-14 11:02:44","samuel@trailanalytics.com"
"105","Napak",,"12","2014-07-14 11:02:44","samuel@trailanalytics.com"
"106","Nwoya",,"10","2014-07-14 11:02:44","samuel@trailanalytics.com"
"107","Otuke",,"10","2014-07-14 11:02:44","samuel@trailanalytics.com"
"108","Zombo",,"14","2014-07-14 11:02:44","samuel@trailanalytics.com"
"109","Buhweju",,"13","2014-07-14 11:02:44","samuel@trailanalytics.com"
"110","Kiryandongo",,"11","2014-07-14 11:02:44","samuel@trailanalytics.com"
"111","Mitooma",,"13","2014-07-14 11:02:44","samuel@trailanalytics.com"
"112","Ntoroko",,"11","2014-07-14 11:02:44","samuel@trailanalytics.com"
"113","Rubirizi",,"13","2014-07-14 11:02:44","samuel@trailanalytics.com"
"114","Sheema",,"13","2014-07-14 11:02:44","samuel@trailanalytics.com"
"122","Luwero",,"6","2015-12-06 19:08:22","admin: samuel@trailanalytics.com"
