1,Arua Hub,cphl-arua1@hpeprint.com,,,,1,1
3,Aber Hub,cphl-aber1@hpeprint.com,,,,1,7
4,Abim Hub,cphl-abim@hpeprint.com,,,,1,22
5,Adjumani Hub,cphl-adjumani@hpeprint.com,,,,1,1
6,Kalongo Hub,cphl-agago@hpeprint.com,,,,1,7
8,Amuru Hub,cphl-amuru@hpeprint.com,,,,1,7
9,Atutur Hub,cphl-atutur@hpeprint.com,,,,1,1
10,Buliisa Hub,cphl-buliisa@hpeprint.com,,,,1,5
11,Bushenyi Hub,cphl-busheyi@hpeprint.com,,,,1,13
12,Buyinja Hub,cphl-buyinja@hpeprint.com,,,,1,2
14,Entebbe Hub,cphl-entebbe@hpeprint.com,,,,1,3
15,Fort Portal Hub,cphl-fortportal@hpeprint.com,,,,1,1
16,Gombe Hub,cphl-gombe@hpeprint.com,,,,1,3
17,Gulu Hub,cphl-gulu@hpeprint.com,,,,1,7
18,Hoima Hub,cphl-hoima@hpeprint.com,,,,1,5
19,Iganga Hub,cphl-iganga@hpeprint.com,,,,1,2
20,Itojo Hub,cphl-itojo@hpeprint.com,,,,1,13
21,Jinja Hub,cphl-jinja@hpeprint.com,,,,1,12
22,Kaabong Hub,cphl-kaabongo@hpeprint.com,,,,1,16
23,Kabale Hub,cphl-kabale@hpeprint.com,,,,1,13
24,Kagadi Hub,cphl-kagadi@hpeprint.com,,,,1,5
25,Kagando Hub,cphl-kagando@hpeprint.com,,,,1,1
26,CPHL Hub,cphl-kampala@hpeprint.com,,,,1,0
27,Kanungu Hub,cphl-kanungu@hpeprint.com,,,,1,13
28,Kassanda Hub,cphl-kassanda@hpeprint.com,,,,1,3
29,Kawolo Hub,cphl-kawalo@hpeprint.com,,,,1,3
30,Kayunga Hub,cphl-kayunga1@hpeprint.com,,,,1,15
31,Kidera Hub,cphl-kidera@hpeprint.com,,,,1,2
32,Kiryandongo Hub,cphl-kiryadongo@hpeprint.com,,,,1,5
33,Kisoro Hub,cphl-kisoro@hpeprint.com,,,,1,13
34,Kitagata Hub,cphl-kitagata@hpeprint.com,,,,1,13
35,Kotido Hub,cphl-kotido@hpeprint.com,,,,1,16
36,Lira Hub,cphl-lira@hpeprint.com,,,,1,7
37,Luwero Hub,cphl-luwero@hpeprint.com,,,,1,3
38,Lwala Hub,cphl-lwala@hpeprint.com,,,,1,0
39,Lyantonde Hub,cphl-lyantonde@hpeprint.com,,,,1,3
41,Masaka Hub,cphl-masaka@hpeprint.com,,,,1,3
42,Masindi Hub,cphl-masindi@hpeprint.com,,,,1,5
43,Mbale Hub,cphl-mbale@hpeprint.com,,,,1,9
44,Mbarara Hub,cphl-mbarara@hpeprint.com,,,,1,12
45,Mitooma Hub,cphl-mitooma@hpeprint.com,,,,1,13
46,Mityana Hub,cphl-mityana@hpeprint.com,,,,1,3
47,Moyo Hub,cphl-moyo@hpeprint.com,,,,1,1
48,Mubende Hub,cphlmubende@hpeprint.com,,,,1,3
49,Nakasongola Hub,cphl-nakasongora@hpeprint.com,,,,1,3
50,Nebbi Hub,cphl-nebbi@hpeprint.com,,,,1,1
51,Ngoma Hub,cphl-ngoma@hpeprint.com,,,,1,3
52,Nsiika Hub,cphl-nsiika@hpeprint.com,,,,1,13
53,Nwoya Hub,cphl-nwoya@hpeprint.com,,,,1,0
54,Nyakibale Hub,cphl-nyakibale@hpeprint.com,,,,1,13
55,Rakai Hub,cphl-rakai@hpeprint.com,,,,1,8
56,Rugazi Hub,cphl-rugazi@hpeprint.com,,,,1,13
57,Ruhoko Hub,cphl-ruhoko@hpeprint.com,,,,1,13
58,Rushere Hub,cphl-rushere@hpeprint.com,,,,1,13
59,Rwekubo Hub,cphl-rwekubo@hpeprint.com,,,,1,13
60,Serere Hub,cphl-serere@hpeprint.com,,,,1,1
61,Soroti Hub,cphl-soroti@hpeprint.com,,,,1,12
62,Sembabule Hub,cphl-ssembabule@hpeprint.com,,,,1,3
64,Tokora Hub,cphl-tokora@hpeprint.com,,,,1,16
65,Tororo Hub,cphl-tororo@hpeprint.com,,,,1,10
66,Yumbe Hub,cphl-yumbe@hpeprint.com,,,,1,1
67,Kamuli Hub,cpul-kamuli@hpeprint.com,,,,1,2
68,Kapchorwa Hub,cphl-kapchorwa@hpeprint.com,,,,1,9
69,Kampala Hub,cphl-kampala@hpeprint.com,,,,1,4
70,Kitgum Hub,cphl-kitgum@hpeprint.com,,,,1,7
71,Dokolo Hub,cphl-dokolo@hpeprint.com,,,,1,7
72,Amolatar Hub,cphl-amolator@hpeprint.com,,,,1,7
73,Anaka Hub,cphl-anaka@hpeprint.com,,,,1,7
74,Bumanya Hub,cphl-bumanya@hpeprint.com,,,,1,27
75,Madi-Opei Hub,cphl-madiopei@hpeprint.com,,,,1,7
76,Masafu Hub,cphl-masafu@hpeprint.com,,,,1,9
79,Pallisa Hub,cphl-palisa@hpeprint.com,,,,1,9
80,Amuria Hub,,,,,1,0
81,Moroto Hub,,,,,1,16
82,Bundibugyo Hub,,,,,1,1
83,Kyenjojo Hub,,,,,1,1
84,Bugiri Hub,,,,,1,2
85,Atiak Hub,,,,,1,7
87,Kiboga Hub,,,,,1,17
89,Kalongo Hub,,,,,1,0
90,Kakindo Hub,,,,,1,5
91,Self Pick,,,,,1,0
92,Katakwi Hub,,,,,1,0
93,None Hub,,,,,1,0
95,Facility Left Blank,,,,,1,28
96,Agago Hub,,,,,1,7
97,No Hub,,,,,1,3
99,Buvuma Hub,,,,,1,15
101,Kilembe Mines Hub,,,,,1,4
103,Kalangala Hub,,,,,1,27
104,Kyegegwa Hub,,,,,1,0
105,Butenga Hub,,,,,1,0
106,Rukunyu Hub,,,,,1,0
107,Kaberamaido Hub,,,,,1,0
108,Kamwenge,,,,,1,0
109,Apac Hub,,,,,1,0
110,Warr Hub,,,,,1,0
111,Lalogi Hub,,,,,1,0
112,Ngora Hub,,,,,1,0
113,Busolwe Hub,,,,,1,0
114,Matany Hub,,,,,1,0
115,Budadiri Hub,,,,,1,0
116,Alebtong Hub,,,,,1,0
117,Namokora Hub,,,,,1,0
118,Pajule Hub,,,,,1,0
119,Koboko Hub,,,,,1,0
120,Ntwetwe Hub,,,,,1,0
